,% Inhibitor,% Promoter,% Neither,Total Sentences Found
iopn,0.04619745537638664,0.6973406076431274,0.2564619183540344,1
igf-i,0.0036525309551507235,0.09128924459218979,0.9050582051277161,1
gfra,0.2449026803005836,0.7486975835927296,0.006399731155397603,4
adam,0.23766800430603324,0.18598764856287744,0.5763443749383441,5
mirna-21,0.9996600151062012,0.00015942163008730859,0.00018055157852359116,1
tn-c,0.5241753083343307,0.37243972429132555,0.10338497928751167,6
zrf-1,0.20455950874456902,0.24114263196242974,0.5542978316545486,5
wga-hrp,0.44614871207366896,0.004230359145107546,0.549620917424493,7
grap,9.146850788965821e-05,5.7434357586316764e-05,0.9998511075973511,1
nf,0.435785016004229,0.20649455398773472,0.3577204233399243,60
ifnγ,0.8752490103244781,0.12331009978661314,0.0014408671529963612,5
mhc,0.5880424326406473,0.2110117062170852,0.20094586634828515,104
aps,0.13343389052920585,0.04919970043976838,0.8173664049011016,4513
fsk,0.00048368744319304824,0.9970696449279786,0.0024466719245538116,5
anti-fak,0.000417843199102208,0.9983817338943481,0.0012004792224615812,1
vip,0.884360209107399,0.11045921107870527,0.005180592168471776,4
lbp,0.39888514723880736,0.3318463142775152,0.2692685444593448,38
trk,0.7353750787692617,0.1441517939543277,0.12047312975270862,103
ros,0.10585198924673023,0.5397044497209814,0.35444354854178417,33
irs-1,0.9958629012107849,0.002959408680908382,0.0011776519822888076,2
nsc,0.23251402738208596,0.21505172716570087,0.5524342533595,65
rarb,0.959674060344696,0.03939755633473396,0.000928410969208926,1
amp,0.31603057077941105,0.5042374171454277,0.17973202062116675,74
akt,0.7165579734616019,0.22260612106586358,0.06083590561884457,69
ryk,0.631304038342358,0.36380424051573135,0.004891714965005552,19
dbi,0.5116868605837226,0.4857878751354292,0.0025252975756302476,2
gpi- linked protein,0.9968775510787964,0.0015422567958012223,0.0015801453264430165,1
rbpms,0.28622320562173725,0.3238558401460882,0.3899209454853247,19
kspgs,0.9976210594177246,0.0022628763181273825,0.00011601832011365332,2
hsps,0.49221949267666787,0.4516081928935212,0.056172291023055244,6
mapk,0.46377744813999644,0.37717754545557347,0.1590450080001229,29
eph,0.7205807559715229,0.14135088365818915,0.13806836856947227,71
dspgs,0.9696437120437622,0.027523046679561958,0.0028332720103207976,2
ara-c,0.49954838272969937,0.0002701930825423915,0.5001814479473978,2
cralbp,0.4989904591348022,0.4999686172232032,0.0010409195820102468,2
prx,0.21854369342327118,0.0005311600980348885,0.7809250354766846,1
gdnf,0.5062399535165241,0.27789991752033527,0.21586012617238642,120
ghap,0.2697788749394628,0.4637113775660206,0.26650974540777195,15
tgf-β,0.478885850259879,0.17583615976618602,0.3452779810545811,15
babb,0.0005632967701482509,0.36812439273732406,0.6313123248207072,6
tianjin,0.0005600532385869883,0.054103960562921806,0.9453359469771385,12
crmp-2,0.6239656196790747,0.2230692351333346,0.1529651469019882,40
mmps,0.6720219408543926,0.1353997447367874,0.19257832758103177,16
peg,0.34326610852076556,0.1538173104040652,0.5029165811556595,24
ep,0.3098674870620016,0.20192649603595783,0.4882060363161145,10
icam-1,0.47207610083997303,0.3463967617529253,0.18152714218868984,17
chat,0.14381592487132785,0.33362953158071973,0.5225545447946598,13
lim,0.4025717767308379,0.0672856997271083,0.5301425283350909,48
ps6,0.31318963555677326,0.5686004436764052,0.11820992440079862,40
egfp,0.6540702610229885,0.11381366249379762,0.23211607007397106,54
p2,0.5133648265929173,0.063842075040008,0.42279308741913435,49
prg5,0.9827342629432678,0.0012717143399640918,0.015994032844901085,1
tnf-α,0.3144165775512293,0.3889221529178839,0.2966612653015343,18
cpe,0.10007416049172337,0.04276250257420803,0.8571633377910725,7
socs3,0.7910747095903188,0.0817187434850811,0.1272065412689132,154
p-tubulin,0.9990604519844055,0.0008192759123630822,0.00012029908975819126,1
jun/stat6,0.503917683265172,0.46279967232840136,0.03328264000447234,4
gsk3β,0.6996570297512305,0.19465668089440932,0.10568628748689171,89
mf,0.1997217592819652,0.006569764949381352,0.7937084292527288,5
hoxa-1,0.060650818049907684,0.30263841431587934,0.6367107629776001,2
atf-3,0.39243857323593573,0.4123662100520997,0.19519521347743019,49
c6st1,0.9996387958526611,0.00017563457367941737,0.0001854952279245481,1
tlr,0.4971955611060063,0.4922243132023141,0.010580151749309152,6
hs,0.29508183842421554,0.5062338649016904,0.1986842995255746,89
map,0.24587209627286938,0.2029830262246105,0.5511448723262583,150
plp,0.7284408002457995,0.19023153153199626,0.08132765619957354,45
tpa,0.7847324535250664,0.006801863113651052,0.20846572634764016,4
rtks,0.9984752535820007,0.0011494257487356663,0.00037527954555116594,1
glca,0.0003989949545939453,0.3854319266974926,0.6141690984368324,2
pst,0.26531040358843583,0.04724206598101383,0.687447556427547,7
timp-1,0.5762969346717,0.1347048365219962,0.2889982471300755,5
ac,0.09902328102508244,0.023091815327421973,0.8778848955565912,92
ngr1,0.8210503150006726,0.03846705041628348,0.14048263403364206,217
islet,0.5004577065992635,0.2389880900918797,0.2605542426390457,4
mmtv,0.9994930823644003,0.00022872569873773804,0.0002782472874969244,3
gsk-3β,0.9423693556051987,0.05676223775998761,0.0008684103091721996,13
mp,0.4069696390567212,0.14759386214326595,0.44543651135851786,18
kinases,0.6899284244057338,0.1457013434726275,0.16437023667530665,111
gal-1,0.560684291752095,0.18197077728525643,0.2573449310898545,118
rfp,0.1929809041597764,0.5744088277948322,0.2326102356892079,5
bcan,0.344607323097686,0.0040592294341574115,0.6513334466483988,3
oxldl,0.0020038310904055834,0.9960236549377441,0.0019725151360034943,2
s6,0.48343652716565494,0.2947938119376496,0.2217696695934137,56
brn-3a,0.14323529792272893,0.4980982107535965,0.35866650129901245,8
tnfsf,0.3142388239955633,0.335018510154138,0.35074264478559297,9
adifab,0.3978157122473931,0.06381744332611561,0.538366824388504,2
bmp-7,9.265211701858789e-05,0.0007181237451732159,0.9991891980171204,2
abc,0.6116987218734169,0.1096286600402234,0.27867261459753806,191
corp,0.7300065204093699,0.21438348880619743,0.055610002696630544,5
apkc,0.17939370090607554,0.58507463298738,0.23553167516365647,5
rptp,0.22986620404966138,0.43401835030272196,0.3361154511706748,6
dil,0.08819544602803757,0.4400547942238448,0.471749764666012,39
mdgi,0.9996956586837769,0.0001354477572022006,0.0001688343909336254,1
lfa-1,0.0011872730683535337,0.5575800687074661,0.44123266637325287,2
lhrh,0.1657372026282246,0.29227799519430847,0.5419847694225609,5
vcan,0.6597735156704273,0.12339987830325429,0.21682657331153418,7
am-5,0.0016589182196184993,0.9758767485618591,0.02246440015733242,1
ngn-1,0.22221553325653076,0.7736082077026367,0.00417625717818737,1
il-1ra,0.3669134499161208,0.5392671314978295,0.09381941145428838,11
creb,0.37448133614540485,0.5108219375618099,0.11469671863747423,29
bpv,0.8307245844383336,0.16656043696032916,0.0027149803596936786,6
netrin,0.03906305461042883,0.9150156383760847,0.045921300403558865,26
ntfs,0.521509200334549,0.22041699794256905,0.2580738016937782,3
osm,0.04273890425888217,0.07381155744466154,0.8834495324099407,520
tbst,0.13402539046364836,0.5141505728741842,0.3518240614128964,7
plga,0.22240900455558996,0.3271735576848226,0.45041744573466963,69
mnsod,0.20837808214128017,0.3259727815166116,0.46564912237226963,2
acan,0.480849448011011,0.09166774286273317,0.42748278151056085,18
cspg,0.6661123211738428,0.22850787428358701,0.10537980034170658,305
pkg,0.32052441670869786,0.3436741956102196,0.3358013922115788,3
gag,0.5239589862624119,0.3154963452534209,0.16054466290964922,93
rho gdi,0.9973952770233154,0.00015935410920064896,0.0024453660007566214,1
phpma,0.0005900201595068211,0.22293950960374787,0.776470497250557,4
pthrp,0.9942069053649902,0.001195638906210661,0.00459741335362196,1
fdd,0.7103207051753998,0.021033754176460206,0.26864557173103093,5
msg,0.00010235312220174819,0.001280941884033382,0.9986166954040527,1
anti-gfp,0.3782210565654428,0.38790483882517685,0.23387410555941252,14
hrg,0.0007041527035956582,0.9971275925636292,0.0021682293348324797,3
ni,0.24220947729470657,0.06427112942240526,0.693519386236473,52
ha,0.25800274619617614,0.13802559481407672,0.6039716638292363,67
spion,0.0796340088026437,0.3116777880092671,0.6086882136475581,13
xt-1,0.053246863186359406,0.7297366857528687,0.21701641380786896,1
gmf-,0.11238900636817561,0.4569853862049058,0.43062561374972574,4
p5,0.326020401840732,0.23775283755175122,0.4362267546669399,45
mebr,0.4214193975237019,0.1612504450555813,0.41733015286566416,12
gcv,0.8161973774433136,0.016194770077709107,0.16760786124505103,5
rock,0.727024063157635,0.044751598624192084,0.22822433917826856,88
ng2,0.42564554822832573,0.22115791150153838,0.353196538334799,268
gpcr,0.9938725630442301,0.0008437893387357084,0.0052836369529056055,3
sema6,0.04019732028245926,0.9593740105628967,0.00042868044693022966,1
pmsf,0.1436008827835654,0.6465141881157511,0.20988493426037685,7
hmg-1,0.04827035900477009,0.6001858429323571,0.35154379038431216,3
hme,0.09806639166112037,0.07448935991859282,0.8274442459123622,1091
gad- d45α,0.9994420409202576,0.00022454827558249235,0.0003333446802571416,1
dna,0.5670095061602698,0.21968357307961797,0.21330692129252615,172
mrf,0.15208032727241516,0.004849799443036318,0.8430699110031128,1
igfbp-2,0.00015530872042290866,0.0001506360713392496,0.9996941089630127,1
nos2,0.9783577024936676,0.020602907177817542,0.0010394174023531377,2
arhox6,0.5818955898284912,0.046671997755765915,0.3714323937892914,1
pdgfra,0.3343838224342714,0.12920324020281745,0.5364129119431406,6
hats,0.03497892517953005,0.4649828269612044,0.5000382724174415,2
ptp,0.9353231713175774,0.015838215990394627,0.048838623680543,12
ptges,0.994917631149292,0.004861952271312475,0.0002204306365456432,1
bme,0.0024246261527878232,0.7469360128488916,0.2506393205767381,4
p-c-jun,0.32664803340740034,0.3941524719557492,0.27919948640046643,10
naa,0.30985853464032215,0.0028780344800907187,0.6872634449973702,6
y27632,0.9995294213294983,0.00024611704793642275,0.0002245217838208191,2
mbp,0.7248875028151087,0.16778820391534827,0.10732428556022933,125
ephrin,0.6054073031516868,0.32330480536314243,0.07128789272361533,19
nt-3,0.8242278742853201,0.057598894642219796,0.11817323089726278,266
csl,0.335444466163822,0.11782902447414338,0.5467265133625273,17
np-1,0.7582769542319798,0.0545408455003972,0.18718219213731477,19
pan/ pvc,0.019774716378378798,0.00174296755449177,0.9784823060035706,4
hmg-coa,0.9992492198944092,0.00013937602489022538,0.0006113939016358927,2
hsp,0.5432461167220026,0.4530657687989463,0.0036881424457533285,7
p-akt,0.9542308002710342,0.006973579962505028,0.03879562811926007,4
tgf,0.004182202355877962,0.4993859937421803,0.4964318185617837,6
camp-dpk,0.0008709478424862027,0.9988499879837036,0.00027907255571335554,1
ampa,0.686551768171117,0.1783407646059794,0.13510748869655226,19
vdr,0.45723170042037964,0.5422746539115906,0.0004936140612699091,1
app,0.4917928882212819,0.18626597889191257,0.3219411284636743,95
tmb,0.0018334397744703373,0.6170269524705613,0.38113958412681576,7
dlk,0.711370917968452,0.06873783748596907,0.21989123680396006,4
cs-pgs,0.40730181439058094,0.1771604168735554,0.4155377569301944,34
htk,0.8100815117359161,0.016571565841635067,0.17334697589588663,3
sm,0.5073249246540854,0.09971090385329262,0.39296417442728854,80
msf,0.43933093367112713,0.42081391862302553,0.1398551410040289,11
caspases,0.5913627132749752,0.08726688865772303,0.3213703869046185,16
gaba,0.28004631629337384,0.2921725267084791,0.42778116233384933,30
vla-4,0.6780780404806137,0.31575424765469506,0.0061677435878664255,2
pten,0.8943488625332905,0.04314664170335123,0.06250449496448619,363
ct-b,0.20248488857032498,0.5637431623996235,0.2337719423827366,10
irf,0.1980893971367035,0.14194965962225017,0.6599609304696128,53
hb-egf igf-1,0.9051008522510529,0.09132838994264603,0.0035707898205146194,2
lps,0.8678640825673938,0.019088958611973794,0.1130469733980135,8
cs-gag,0.7552741731383971,0.23887273410218768,0.005853080807095726,7
pip3,0.7938205750542693,0.006567742821061984,0.19961168286390601,5
sigma,0.4559567086955992,0.267021560934089,0.2770217179799407,56
activin-b,0.3343245425882439,0.6653111684524143,0.0003642939360967527,3
pont,0.18427912387309386,0.36035676488145196,0.4553641142398271,69
lif,0.5073744523847381,0.43656941315945613,0.0560561278264989,48
pdpk1,0.9982428252696991,0.0001971313831745647,0.0015600655460730195,2
mam,0.16633434796252308,0.00015045592408569064,0.8335152010355765,6
apc,0.522723014794922,0.28738962405519225,0.1898873577800779,14
nt4,0.9990516304969788,0.0004691684152930975,0.00047918723430484533,1
trks,0.6617626570738279,0.13118934191879816,0.2070479945916584,13
zymosan,0.17800338862746554,0.7691902176454841,0.052806413825497396,42
dnqx,0.03550007566809654,0.8986289501190186,0.06587090343236923,1
ipsi,0.15884867011127088,0.11071891563495893,0.7304324142491133,457
fniii,0.8775451481342316,0.09766208609653404,0.024792742678982904,4
mag,0.8863029122472403,0.07069232744935516,0.04300475849622463,524
edta,0.5944668997794257,0.23394579827852016,0.1715872935227318,7
moetacl,0.0010933623416349292,0.9653585255146027,0.033548140432685614,2
endo-n,0.37389270138783104,0.11711070582532557,0.5089965798542835,8
mkp-l,0.999610960483551,0.00024164470960386097,0.0001473586162319407,1
lc3-ii,0.8748167335987092,0.12178208687982987,0.0034011976211331786,5
ssea-1,0.3682967826252934,0.30628217850153305,0.32542104040021513,16
limk,0.0016418873565271497,0.9938395619392395,0.004518591798841953,1
lmo4,0.5980526808649301,0.36509239149745554,0.03685490664211102,5
egr2,0.5005126834536592,0.05440716432834355,0.4450801217244589,6
ngfr,0.3492881487527484,0.36234723352875636,0.28836461119256757,12
s1pr2,0.8909598572923145,0.015544369934518314,0.09349580100255976,11
p/caf,0.9724383354187012,0.008046671748161316,0.01951494812965393,1
hrp,0.27849824431728587,0.23958334068513415,0.4819184198763521,105
lel,5.8708895812742413e-05,0.00011511326592881233,0.9998261570930481,5
pdgfr,0.0007692152401432395,0.3834820542018861,0.6157487405464053,5
damps,0.5113926313817501,0.45897709382115864,0.029630300430289934,5
ccc,0.480259676836431,0.3960795021848753,0.12366083492524922,5
lingo-1,0.6015396254992488,0.11309448153285,0.28536589708205107,18
s9,0.7305995365803194,0.10568255386169767,0.16371793467723447,11
rmag,0.9979130625724792,0.00018571245891507715,0.0019012130796909332,1
ds,0.1401861492438911,0.05189147743258218,0.807922359438453,20
p-fak,0.5668453899108701,0.3985649669323013,0.03458965683562888,9
ps,0.3191714475871305,0.10496386962471728,0.5758646738230945,27
dnmts,0.0026097665540874004,0.9967531561851501,0.0006370060727931559,1
tgf-(1,0.001200239872559905,0.024280453100800514,0.9745192527770996,1
tgf-13,0.4746117233997211,0.13075795634067616,0.39463030056576825,10
d-gal-1,0.2107980864430398,0.19247469138185566,0.5967272374484884,19
hoxa-4,0.032322453742381185,0.2900312943238532,0.6776462495326996,2
imp,0.00015327197979786433,0.0021011321502252636,0.9977455933888754,6
ei24,0.9994420409202576,0.00022454827558249235,0.0003333446802571416,1
p-gsk,0.8977365153176444,0.00879241332586389,0.09347108479622486,7
te,0.16610670057518293,0.04358149500352738,0.7903118050753255,50
ng-cam,0.35024996960661764,0.31577064859690535,0.3339794180355966,3
syncams,0.3334819903575408,0.5734040049719624,0.09311399263242492,4
stat6,0.5970194867695682,0.3875606401707046,0.01541988623891181,12
kspg,0.4666669021476991,0.5329662505333544,0.0003668441248009913,5
pdl,0.0006886424962431192,0.9987289607524872,0.0005824094405397773,2
brdu,0.30812977348034565,0.31470946488724394,0.3771607667895296,128
prog,0.5187399374799683,0.2711443801537306,0.21011567803038722,98
klfs,0.2616915899513212,0.7223863815840256,0.01592203809559578,12
ngf,0.4919537460490447,0.42513715597555585,0.08290909860181488,474
hgf,0.1060226918380741,0.6728955027655401,0.22108180137668873,108
pde4,0.6610216634968916,0.3270156725338893,0.011962641622327888,3
nof,0.24296440221686763,0.5107101712565054,0.24632541681190065,11
ido,0.1481185400215654,0.09378755908354289,0.7580938971479608,738
pdgf,0.18732740420222638,0.6211397907667799,0.19153280423028055,61
aav gfp,0.9966281056404114,0.00033575831912457943,0.003036122303456068,1
nmda,0.6890866208421947,0.23196874916204643,0.07894462597903691,74
pro-mmp-9,0.000424346566433087,0.999268114566803,0.0003075491404160857,2
n-cam,0.6681648068259636,0.20948631438686452,0.12234888654738488,54
gdnpf,0.015338931242392087,0.9820988774299622,0.0025621750100981444,3
ach3,0.9993740916252136,0.0005472632474265993,7.867738895583898e-05,1
il,0.010600613889006414,0.025691676847935396,0.9637076965735647,114
lpa,0.1364324039309808,0.09048832525041055,0.7730792649600434,264
klf,0.2560371227900032,0.7175194547418505,0.026443412586231715,25
vglut1,0.6684967279434204,0.303998407558538,0.027504911355208606,2
vldls,0.0013956985203549266,0.025273503735661507,0.9733307361602783,1
troy,0.49894432504152064,0.00121566412174919,0.4998400298851872,6
pa,0.07206813157997737,0.04793686237374867,0.8799949998487889,116
ache,0.10591069838483236,0.042408015902619806,0.8516812646016478,25
ct-1,0.28881737748451997,0.09787562005076325,0.6133069986346527,10
pha-l,0.25350903210346587,0.09289419430569978,0.6535967948148027,4
crmp,0.8098728756109873,0.11875330655796763,0.07137380210527529,6
cl-p1,0.9986513257026672,0.00014387120609171689,0.0012047284981235862,1
klf2,0.0020038310904055834,0.9960236549377441,0.0019725151360034943,2
b-gal,0.4953967426602806,0.46973501924367156,0.034868248524920396,6
arrow,0.17692790930927263,0.15670559343074533,0.6663664970814612,56
plexina4,0.7494280536969503,0.2482683794417729,0.002303588126475612,3
dmem,0.14648897341631428,0.44637928009953987,0.407131756887448,58
vglut2,0.0004996978095732629,0.9972335696220398,0.0022667748853564262,1
stat,0.36284969042855664,0.3466773421547259,0.2904729686387873,25
hes-1,0.5831652209162712,0.4156401132204337,0.001194637021399103,2
tgf-b,0.7186164994823879,0.26268887862430085,0.018694597217420648,7
igf,0.4009816447117676,0.2520692776888609,0.34694904647767544,3
mt-mmps,0.9745267629623413,0.0018041233997792006,0.02366915496531874,2
ptp delta,0.9996297359466553,0.00013212085468694568,0.00023804738884791732,1
p- erk,0.2875027060508728,0.7115135788917542,0.0009837017860263586,1
arhox1,0.28011344771786956,0.38765953985582907,0.3322270041907258,18
alcam,0.492426629178226,0.37124183498478186,0.1363315102547252,3
nile,0.05825619854294928,0.21908820542375906,0.7226555926317815,4
mlc,0.0632773362970056,0.18653066940919416,0.7501919835167428,16
hdacs,0.16216213238658383,0.6231265316455392,0.21471133417981036,8
lngfr,0.5716069862246513,0.0007114478503353894,0.4276815448029083,2
ldlr,0.9972712397575378,0.0014472875045612454,0.001281439559534192,1
phospho- gap43,0.006515743676573038,0.0016162794781848788,0.9918680787086487,1
hspg,0.3187328780083643,0.6059529185410665,0.075314213792273,17
rmg,0.0008845215779729187,0.0005049813189543784,0.9986104965209961,1
aav-egfp,0.2501053411149108,0.13095002158066069,0.6189446292727635,22
tcr,0.00019494321895763278,0.02703193947672844,0.9727731347084045,1
pp2a,0.8236833463840109,0.003325349041915615,0.17299130570851654,12
pi-plc,0.000985289749223739,0.9944390654563904,0.004575655562803149,2
lama2,0.002034523291513324,0.00034274955396540463,0.9976227879524231,1
s6k,0.7373638020362705,0.1115542523421027,0.15108197046902205,8
pla2,0.5002324692904949,0.0009242296728189103,0.49884328176267445,2
t- pbs,0.8614122867584229,0.029483400285243988,0.10910432785749435,1
ires,0.09172607750366302,0.07205662968255745,0.8362172865088382,741
chpf,0.9982648491859436,0.0006257221684791148,0.0011094014625996351,1
rheb1,0.9990468621253967,0.0002633782278280705,0.0006897447165101767,1
bmps,0.09855836155475117,0.7575226270782878,0.1439189913986151,14
pi,0.15661005224931365,0.11993512094175623,0.7234548084617761,22
atl,0.7889223132642655,0.06754905499042252,0.1435286333737622,32
kpi,0.35325734480284154,0.39769586371257903,0.24904675977304577,5
scaffolds,0.14058089947870758,0.2641325265609339,0.5952865764072339,250
pl,0.24019679145321543,0.24135709345687614,0.5184461077524984,37
gba,0.9468894004821777,0.00027819426031783223,0.05283229053020477,1
g-csf,0.23228918877515858,0.35681164153742,0.41089917031657774,17
mcp1,0.5366349816322327,0.46309855580329895,0.0002664554340299219,1
dioa,0.2484693519695488,0.1784380546669618,0.5730925960474328,74
dhp,0.3757312495863516,0.00021441024273372022,0.6240543908716063,8
bio,0.12878546414811773,0.23444960921831529,0.6367649297104575,13
carp,0.0010226887312051582,0.11102397964067576,0.8879532995116379,9
p-s6,0.6345846517011523,0.21517896196940758,0.15023638685136878,15
pdgf-bb,0.08867228776216507,0.9099560976028442,0.001371577731333673,1
tnf alpha,0.012575303204357624,0.08435965329408646,0.903065025806427,1
mtorc1,0.4646172610380084,0.3445875032398776,0.19079523020627676,22
saps,0.22033564225582974,0.02616865093215084,0.7534956946619786,9
hdac,0.8977758291424834,0.09997667819625349,0.002247495586198056,20
mtor,0.46403879546079796,0.41644294967852546,0.11951825552275486,215
fig,0.23233973962071883,0.14325809984496565,0.6244021528857827,63
bhn,0.44071075320243835,0.0017340534832328558,0.5575552582740784,1
pkcα,0.05126696825027466,0.9463188052177429,0.0024141818284988403,2
ppp,0.3835071883108867,0.11588428117920557,0.5006085119566706,8
gga,0.3272613066206263,0.3708354127117094,0.30190330936404114,11
zfp191,0.9989450573921204,0.0005730850389227271,0.00048196877469308674,1
ecm,0.3362603829033105,0.3274696393705821,0.3362699795913948,380
tsa,0.5149809635449856,0.2300021039600324,0.25501693419028015,8
gfap –/–,0.9966349005699158,0.0031575632747262716,0.00020755018340423703,1
marcks,0.5452064003911801,0.33710504029877486,0.1176885465538362,10
npcs,0.9407747387886047,0.004410653331433423,0.05481457850934627,3
neo,0.08782845326186361,0.016048565674888476,0.8961229744333347,12
cntf,0.22242149904651087,0.6823071970955804,0.09527130869953503,278
bsa,0.3498562491040502,0.4907306175984559,0.1594131250172116,60
nim,0.99861741065979,0.0002602760505396873,0.0011223170440644026,1
mu,0.0366611234904849,0.08011679896226269,0.8832220687204972,25
cox-2,0.9931786855061849,0.006362851442342314,0.0004585157585097477,3
lrp1,0.998611569404602,0.0006053048418834805,0.0007830631220713258,1
fabp,0.3481568990770706,0.24061616883815543,0.41122693767254026,43
s1p,0.9994006156921387,0.000101857163826935,0.0004975703195668757,1
nf-kb,0.7610670782567468,0.1480758619143671,0.09085707138074213,40
biorp,0.920750766992569,0.0007797013386152685,0.0784695363836363,2
tgf/3,0.0008514141372870654,0.9956157505512238,0.0035328168887645006,2
mcp-1,0.4323482496937296,0.27548669633168693,0.29216506018981037,14
praptor,0.000392782072594855,0.9188940525054932,0.08071320827002637,2
lane 14,0.012601491063833237,0.0007843003841117024,0.9866142868995667,1
rna,0.5911816550876926,0.16170283485147774,0.2471155088805,262
ritc,0.3082156673322474,0.23866829698355022,0.4531160183409652,11
dmso,0.35540026601434377,0.3782506524343758,0.2663490852712791,44
syti,0.5681054635497276,0.09888348376262002,0.33301103151946637,3
npn-1,0.8994720307263461,0.025953427412208508,0.07457456201452507,11
nbt,0.4833335533476202,0.004009268130175769,0.5126572102308273,2
gdf11,0.5050661871209741,0.357956878375262,0.13697692909045145,2
crp-,0.49957337277010083,0.0003148046071146382,0.5001117965730373,2
nes,0.4213507182794274,0.007749084349468051,0.5709001646734707,7
hema,6.021239823894575e-05,5.998943743179552e-05,0.9998798370361328,1
et-1,0.6223464604083668,0.2055022585323861,0.17215128242883915,34
gfap+,0.10053080705780303,0.462062173872022,0.4374070258727297,125
omp,0.4986863103113137,0.4990989460857236,0.0022147205017972738,2
iap-1,0.9994069337844849,0.00013226030569057912,0.0004607898008543998,1
krx-20,0.9956319332122803,0.00014709994138684124,0.004220986273139715,1
trh,0.4723286551986045,0.19213282214089608,0.3355384950215618,3
np-2,0.6123015873134137,0.1805245232390007,0.20717392554506658,5
cspgs,0.6203347189111537,0.25211772501547547,0.12754755572201876,266
cs,0.23267435589169558,0.28628418044084497,0.4810414598139591,95
gefs,0.6163169890642166,0.277922254987061,0.10576072350765268,3
tlr-4,0.38190600043162704,0.5435385938268155,0.07455542239185889,10
mfps,0.00012391565542202443,0.00165667780674994,0.9982194304466248,1
t-akt,0.2875027060508728,0.7115135788917542,0.0009837017860263586,1
cgns,0.8339149057221795,0.05828921591110932,0.10779589639844887,19
ngr,0.9462306345181211,0.01601198591117459,0.03775738200415728,164
ptprs,0.9992828071117401,0.0005779405692010187,0.0001392649210174568,2
gpcrs,0.9838457107543945,0.0018315772758796811,0.014322693459689617,1
t-gsk,0.9995768666267395,0.00019170972518622875,0.00023146450985223055,1
cre+wt/wt,0.9214451313018799,0.07673683762550354,0.0018180269980803132,1
igfbp-6,0.02553449384868145,0.914373517036438,0.06009203940629959,1
ma,0.09246602679566521,0.12047548681916728,0.7870584727748988,148
vcam-1,0.41979011913229314,0.29220742356431273,0.2880024488684804,7
dlg,0.30482170670002234,0.28627007424947803,0.40890821465291083,10
dex,0.0002784183743642643,0.0011870108734001405,0.9985345721244812,5
tnf,0.5564869449008256,0.1836425714019632,0.2598704880942283,28
gags,0.591676851976954,0.17215007976366906,0.2361730709974654,25
npf,0.03568408515722975,0.36781181187996903,0.5965040965249779,26
am-6,0.0013205042341724038,0.993636965751648,0.005042583215981722,1
yfp,0.3471835193554095,0.20131376829279665,0.45150273471081165,30
cret,0.45078847838158254,0.507080700393999,0.042130851255327194,6
aqp4,0.6742248418075698,0.014777810356463306,0.31099734731417683,7
nc,0.4458887845783985,0.15484010512513383,0.39927113020010957,14
ncam,0.6220101368394858,0.26488774837061,0.11310211604904907,72
vpa,0.8356212615966797,0.11401874333241721,0.05035997446830152,10
dbcamp,0.0005409967513211692,0.9976745148499807,0.0017845094043877907,6
hsp90,0.46526367581100203,0.34960001353465486,0.18513631368114147,8
parp,0.2962937572396186,0.20455594523227774,0.49915028454270216,5
fbs,0.004024967783253588,0.6090686048765848,0.3869064181223318,18
pla,0.14469922017402,0.4730655797390103,0.38223519849403104,22
mais,0.0006815430813313455,0.015884442740660563,0.983434014033801,61
c-myc,0.48349574188672245,0.30793507678096094,0.20856918482154252,63
clf/clc,0.5100446455180645,0.046052319929003716,0.4439030379871838,2
ascl1,0.779130748929814,0.08149436094726507,0.1393748668689603,13
xcrmp-2,0.48808356188237667,0.026081065647304058,0.4858354391762987,2
ln,0.04593170379557705,0.2111172291399271,0.7429510468966327,10
tax1bp1,0.33509087639201124,0.3317005276233734,0.33320857885216054,3
myti,0.009693500456705806,0.0009864340827334672,0.9893200695514679,2
ang2,0.5110021819257073,0.31589162958779426,0.17310618956172322,9
mscs,0.26265639289319626,0.3755571637497421,0.3617864439452205,192
nrp-1,0.7206312780068921,0.06206262065596613,0.2173061050994355,35
pnpfs,0.0001339917944278568,0.0008350818534381688,0.9990309476852417,1
mmp-2,0.349309163086582,0.4498149844119325,0.20087586672743782,10
mosp,0.016929380606716296,0.05279792925837801,0.9302726788706586,123
emap ii,0.5041243117302656,0.047495937935309485,0.44837969058426097,2
shsocs3,0.5660356420266908,0.33113146040614083,0.10283288964546955,16
cscl,0.31116549114813097,0.02522765565663576,0.6636067926883698,2
baab,0.00014691833348479122,0.0004829134268220514,0.9993701577186584,1
psa-ncam,0.42547786425248807,0.08298530552102337,0.4915368165159386,11
gsk3beta,0.34825310288579203,0.3796994528711366,0.2720474648522213,4
dha,0.2574114608869422,0.5019486348610371,0.24063991656294093,4
pdi,0.5645842030644417,0.36987436945491936,0.0655413978965953,2
abl,0.9996204574902853,0.00016343463842834657,0.00021604019517932707,3
nrdg1,0.9906765222549438,0.0002836234634742141,0.009039836935698986,1
art,0.0002771941081493646,0.002125952888101373,0.9975968465513113,49
pjun,0.21183807691947246,0.7725694278875986,0.015592501576369008,3
tgf-(3,0.49706940966279944,0.005019507138058543,0.4979110664644395,2
id2,0.638199760266368,0.22435138003625485,0.13744885302135532,22
egf-,0.008428783534327522,0.9892459710439047,0.002325280550091217,3
ifn-g,0.8915007809797922,0.08994479732064065,0.018554433472066496,6
mos,0.6488806873768529,0.18348944296534075,0.16762986596089224,60
mog,0.6815173907205463,0.22146098053781316,0.0970216269546654,5
tsc1/2,0.9994593262672424,0.0003177907783538103,0.00022289500338956714,1
gap,0.11396193819420244,0.10362042908965724,0.7824176320327616,337
blys,0.9994109869003296,0.00030488581978715956,0.0002841208770405501,1
syn,0.14014590379520087,0.0066205778835305516,0.853233499891268,13
hb-gam,0.10315882084735979,0.6437143490960201,0.25312682799994946,3
ifn-γ,0.3005095040425658,0.6976448098818461,0.0018457322682176407,3
pi3k,0.6189080208132509,0.21791740359246128,0.1631745713896938,24
tubulin,0.4308048486013499,0.3313540899367004,0.23784106728852772,164
atf-2,0.49160981192953596,0.35658027043737583,0.15180992219511363,37
ad-nt-3,0.4096271318073074,0.33059938847630593,0.2597735055605881,3
cgrp,0.36556741373457374,0.341259644876647,0.2931729386568556,55
gsk3,0.5922602690128164,0.2709226187616878,0.13681709801312536,24
rgm,0.4413154432084411,0.28553736535250207,0.27314718294655904,5
igf-1,0.23599317681735454,0.6333673487005027,0.13063947313988228,71
ankrd1,0.9988386034965515,0.0004151112225372344,0.00074627879075706,1
nos,0.21390852904577123,0.2119228201777982,0.5741686323199247,14
rag,0.45963527819872574,0.21239777084944458,0.3279669671497282,9
egf,0.21063226670683538,0.6491327309775888,0.14023500810408052,53
clasp2,0.7403601721993515,0.1256919142906554,0.13394791073681386,7
h&e,0.18466901885622064,0.14323200412327425,0.6720989614026621,5
pll,0.14226173350670573,0.5956036840803027,0.2621345814320281,31
pr,0.5323033311155086,0.08987613574354328,0.37782052982074676,60
c/ebp-β,0.02226161619182676,0.5208739396184683,0.456864432504517,4
cmd,0.0001287935047002975,8.899836757336743e-05,0.9997822642326355,2
smp,0.9982210993766785,0.00027814091299660504,0.0015008205082267523,1
il-8,0.3421351852884982,0.32362685115488904,0.33423795582105714,6
tap,0.0382227320131698,0.0219431844189575,0.9398340656428049,39
hdac5,0.2689007805311121,0.6311864844544537,0.09991274097013626,11
s6k1,0.7727282896360501,0.1250167710785853,0.1022549302891848,47
mmp,0.7224641908089526,0.16139418581507117,0.11614161485502134,9
crem,0.06324945390224457,0.9245802164077759,0.012170356698334217,1
ccl5,0.7658481597900391,0.23378951847553253,0.00036239862674847245,1
nogo,0.9436716703595187,0.017940526557204302,0.03838780464946518,427
ihh,0.24726747882778,0.0027527234069566475,0.7499797639538883,4
ii,0.2244210541206814,0.1254099599074245,0.6501689795192769,525
atra,0.0008129560737870634,0.0005552885122597218,0.9986317753791809,1
gtp,0.9113955597082773,0.011198517633602023,0.07740591712354217,6
sema 3a,0.9897034764289856,0.0020300679534557275,0.0082665161753539,2
ap,0.009507055971641276,0.07976027570981195,0.9107326546398996,95
phb,0.10528009384870529,0.2533973157405853,0.6413225531578064,1
wasp,0.3355800740731259,0.6633625249378383,0.0010574281914159656,3
am-3,0.0016589182196184993,0.9758767485618591,0.02246440015733242,1
camp,0.23917558631785504,0.6582804773928074,0.10254393749192241,250
hdms,0.0035405077505856752,0.001096994848921895,0.9953625202178955,1
ng66r,0.9969972372055054,0.0001473099400755018,0.0028555351309478283,1
ca,0.11832774566757077,0.0902378703355076,0.7914343756852509,131
pacap,0.47626391476217617,0.36534534643420635,0.1583907273389227,23
pdpk1/2,0.9988279938697815,0.00017334125004708767,0.0009985773358494043,1
kab-raf,0.3156215623458896,0.4864344732913499,0.1979439636321331,30
vegf,0.31735593656932387,0.4803294181139271,0.2023146537456861,28
il-1β,0.44969511963427067,0.18975881377700715,0.3605460542763467,10
sreb,0.6274135708808899,0.0018666223622858524,0.3707197904586792,1
gst,0.9486177742481232,0.03836704100976931,0.013015167759294854,10
mda,0.22825257051736117,0.4717038830567617,0.3000435450987425,5
mops,0.24653834226774052,0.7272536869859323,0.026207946957583772,4
cd13-pc7,0.0005814606556668878,0.41623377799987793,0.5831847190856934,1
cgrp-,0.0017445158543220411,0.512317438920339,0.4859380467484395,3
am-4,0.0016589182196184993,0.9758767485618591,0.02246440015733242,1
dic,0.0010485925289685839,0.4940412512463809,0.5049101591968792,10
p(tmc-cl,0.5291090640290477,0.39569859361399085,0.07519234728074241,57
aqp9,0.08981292694807053,0.0005229341331869364,0.9096641540527344,1
tdt,0.07616173475980759,0.8551786541938782,0.06865968555212021,1
sod,0.4121238205829286,0.2564309463785321,0.3314452493970748,5
npt,0.00012707870337180793,9.304576815338805e-05,0.9997798800468445,1
py397 fak,0.00039187211465711397,0.9576411843299866,0.041966935755529754,3
biop4,0.9993913173675537,0.0002527829201426357,0.00035584179568104446,1
hpma,0.00039943106821738183,0.9846153855323792,0.014985146932303905,1
elam-1,0.6364621222019196,0.14979316922836006,0.21374466340057552,2
psa,0.7210901813315493,0.22898237153068685,0.04992744765227793,14
aav2–gfp,0.5830251568917274,0.2716672364483765,0.1453075942651291,21
taxol,0.01713422528568613,0.8375511575828899,0.14531463271387937,11
pak1,0.003090549260377884,0.9696466326713562,0.027262834832072258,1
ttn,0.0003458461433183402,0.9993933439254761,0.0002608063805382699,1
dclks,0.5155416725901887,0.4465443703957135,0.03791393810752197,4
p5klf6,0.16422403304992864,0.2013355144730061,0.6344404310608903,12
cdna,0.6082615943773969,0.1334312066262265,0.2583071940990466,149
tgfb,0.3345197557937354,0.22530431746013668,0.4401758928531005,9
ccl17,0.3307393482731034,0.6690726935242614,0.00018799766742934784,3
pam,0.13740286983458924,0.4638680901757303,0.3987290289817163,13
cn- pase,0.9988844990730286,0.0007503771339543164,0.0003651043225545436,1
psm,0.10700041055679321,0.8927645683288574,0.0002350410068174824,1
cspg4,0.9552032947540283,0.0013283195439726114,0.043468374758958817,1
ace,0.5999193628682405,0.00999604569224175,0.3900845820491668,5
fgf,0.20074498977871708,0.526523261674332,0.272731750272358,152
rhoa,0.8869921367493075,0.029018071493014875,0.08398979978086665,156
peg/pll,0.0008894152706488967,0.496671779488679,0.5024388104211539,2
nl1,0.8571232130581682,0.004108125481500544,0.13876866271708754,11
peo,0.010081734397362195,0.006237631300708641,0.9836806284400109,449
opcs,0.30329980949433155,0.3343284819829317,0.3623717107336979,133
oegs,0.0033105071634054184,0.3911867141723633,0.605502724647522,1
tmc,0.3326218508494397,0.6661865528828154,0.0011915963453551133,3
nrs,0.07465682332518295,0.0716300918595932,0.853713065116608,28
blbp,0.4748057350516319,0.3638272378593683,0.1613670215010643,2
hoxa-3,0.0629800409078598,0.5797252655029297,0.3572946786880493,1
ppre,0.3337939326854665,0.08194768755310686,0.5842583751518471,1355
ptpσ,0.7716588127598609,0.10177312888516744,0.12656805186376122,62
apv,0.49983981212062645,0.00011235840429435484,0.5000478088768432,2
gfap,0.28474839725979356,0.43934038342805604,0.27591121795254436,339
nl4,0.9277624934911728,0.003598135052016005,0.06863937776142848,8
aqp-4,0.46858081718285877,0.38855286113296944,0.1428663287394253,3
crmp2,0.6585336792632006,0.0027526338098040368,0.3387136974391372,9
em,0.11408200781367199,0.04287453695480388,0.8430434561673242,91
oa/aa,0.016271328553557396,0.9727277755737305,0.011000926606357098,1
c3,0.6772085099886163,0.11464595867017748,0.2081455298379509,137
mmp-9,0.7332320068688953,0.20707530481484035,0.05969268125986941,17
ctx,0.4840287424449343,0.24078652162279468,0.275184736965457,4
pfa,0.13547927931916395,0.17963590252717646,0.6848848222858376,45
nogo-a,0.8784255678675623,0.04973046406058886,0.07184396864901682,481
bda,0.34213449306870486,0.2608574426101129,0.3970080638736453,111
ra,0.20796448759410852,0.2757072449124583,0.5163282697818431,120
sod1,0.5012434266973287,0.0009147880919044837,0.49784184945747256,2
adamts-4,0.31156211177585647,0.43890689266845584,0.2495309891673969,4
tgf-1,0.005375699916233619,0.8217612306276957,0.17286308606465658,3
gap43,0.5995130238973787,0.2917256239520941,0.10876134527474726,138
ask1,0.22449853391735813,0.44614869765937326,0.3293527352390811,5
am-7,0.0013205042341724038,0.993636965751648,0.005042583215981722,1
erk1/2,0.6366423115364991,0.31134031647343363,0.0520173743459184,28
myt-2,0.5339563749730587,0.014345004012284335,0.45169861245085485,2
fitc,0.22328781715768856,0.6175759959500283,0.1591361862156191,10
biop2,0.9993913173675537,0.0002527829201426357,0.00035584179568104446,1
map-2,0.4178406683404319,0.15028474249447754,0.4318745788996239,16
nrn1,0.6724952153977938,0.13438176868315038,0.1931230106028254,70
dapi,0.07898189775793678,0.5184796778239137,0.40253842955050795,114
hoxa-2,0.0629800409078598,0.5797252655029297,0.3572946786880493,1
hmts,0.002633019583299756,0.940588116645813,0.05677880346775055,1
igg,0.28040606902098403,0.5574405108504301,0.16215342071970823,111
npfs,0.0029527705628424883,0.9487679600715637,0.048279279260896146,2
oxpc,0.98012375831604,0.019783860072493553,9.228279668604955e-05,2
tgf-,0.16170663926429685,0.734748811881552,0.10354455178977721,49
tnf-a,0.6607589115026511,0.29667054036205326,0.042570531555005196,18
mptp,0.7360974798599879,0.0005291050765663385,0.2633734109112993,3
olig2,0.2951393116468569,0.37223221986607224,0.3326284570925747,21
grgds,0.3692796339819324,0.08041874039918184,0.5503016375005245,2
p-creb,0.001134679652750492,0.9983043670654297,0.000560986518394202,1
gfra1,0.16817120700579835,0.7736805751919746,0.05814819998340681,4
ppi,0.1164728603910575,0.05177972923987461,0.8317474113853163,764
etbr,0.42419083157437854,0.0047014016367029395,0.5711077725281939,5
p75ntr,0.8850756729667225,0.05170026655500608,0.06322406079393197,69
nfat,0.9122882008552551,0.07936600132088642,0.00834581583039835,5
rtk,0.9969727993011475,0.00251524755731225,0.0005120235146023333,1
il1rn,0.9978131055831909,0.0019106401596218348,0.000276144448434934,1
galc,0.6327739994270484,0.10037000218422194,0.2668560086306322,11
jak2,0.5530943423509598,0.014455950178671628,0.4324497636407614,2
pal,0.06522095196487498,0.10979151437508831,0.8249875311810297,33
lc,0.32895620099297956,0.21842118048613582,0.4526226177287754,30
npc,0.03373800206463784,0.003197068828740157,0.9630649387836456,4
atf3,0.013275750850360575,0.8402944149316421,0.1464298303056109,7
acs,0.4961368250628261,0.17074723598408229,0.3331159518145594,9
il-6,0.29949737257648895,0.39800058923139114,0.30250204004321285,114
tnfbp,0.9883022904396057,0.0008697170997038484,0.01082801166921854,1
map1b,0.555867927229093,0.2122203318940592,0.23191173572916743,61
p-stat3,0.6722547075780178,0.1732997471874653,0.15444553828921118,27
nimp,0.04812364898335935,0.01580693225329404,0.9360694083869541,112
cams,0.3823837168469995,0.3854871311740243,0.23212915122200717,27
il-1,0.43730854652880224,0.3796700490641524,0.18302141729247523,50
bdnf,0.710592626662577,0.18838446917744342,0.10102290028928165,587
bfgf,0.2570700056344864,0.3762253646526156,0.3667046265776612,218
bbb,0.19048653188049988,0.06994908908784835,0.739564377611151,168
bhlhe40,0.0023129033797886223,0.9965584874153137,0.0011285912769380957,2
tgfβ,0.5191695837614437,0.3501805146055024,0.13064989812361696,6
nlcam,0.4730551838874817,0.4318752884864807,0.09506954997777939,1
mapk1,0.00040643481770530343,0.9945682287216187,0.00502536678686738,1
hap,0.00014328002907859627,0.00011518626342876814,0.9997414946556091,2
cy7,0.14382920992405465,0.6283228000005087,0.2278479846815268,3
fcs,0.0018873700076558937,0.3325595979549689,0.6655530678108335,3
hepes,0.3007821986808267,0.10302988421899499,0.5961879370326642,10
il6,0.9929323196411133,0.00687679520342499,0.00019086006795987487,2
ngr3,0.881306243794305,0.030564179299939757,0.0881295695029881,28
vim,0.6202744560485537,0.35659564613491634,0.02312988053546922,11
pkc,0.5792944169763359,0.2763234264173661,0.14438214719702955,25
sac,0.20024805082034922,0.20598173315627114,0.5937702152622902,150
ae1,0.004224313423037529,0.9944596290588379,0.0013160665985196829,1
mif,0.20100244818540353,0.49148474779683643,0.3075128016087761,34
pmek1/2,0.955629825592041,0.0010785140621010214,0.043291643960401416,2
gaps,0.12497767488236734,0.1040858614140104,0.7709364632064535,56
sfk,0.5491478483527317,0.34987241742101105,0.10097973745951094,32
nt3,0.820479248070668,0.041901109004317295,0.13761965074927898,92
jnk,0.48792780832930777,0.41056578987557996,0.1015064001043183,21
parv,0.21029214726149803,0.1473113778217036,0.6423964601597705,21
egf-l,0.7119173022417401,0.28741188420514974,0.0006707918847886114,14
rhogdi,0.9977282683054606,0.0010306566982762888,0.0012410740164341405,3
sdf-1,0.4985778316928956,0.22554399459860228,0.27587818391743657,19
at2,0.5892631939982999,0.16004094818640624,0.2506958628117799,144
gap-43,0.5085501912622685,0.2494828289504818,0.24196698358533017,356
tr,0.13932878427554637,0.053327621319892514,0.807343588630569,21
dscam,0.30336281866966247,0.32875912840445026,0.36787805339668456,51
postn,0.8686821620490913,0.1277301912189484,0.0035876525451255603,56
pnp,0.4849918410181999,0.5133438557386398,0.0016642551199765876,2
htt,0.10276172362973665,0.006617192669916077,0.8906210873677007,497
dtt,0.985392153263092,0.014350653626024723,0.0002570893266238272,1
hspgs,0.5300647580489136,0.3082465909913146,0.16168866079188823,19
pedf,0.31049866459060077,0.6777681811706445,0.011733162731876032,28
syncam,0.24825867373147048,0.2976328870281577,0.4541084597512963,4
gsk3b,0.6188994239782915,0.31111298729052633,0.06998758915737695,33
laminin,0.06609046435827866,0.8198568573400993,0.11405267636187741,539
cop-1,0.9990094900131226,0.00013611283793579787,0.0008544014999642968,2
nmag,0.9886154532432556,0.0009021844016388059,0.010482377372682095,1
aav2,0.3457459120692229,0.332523770684812,0.3217303029927162,31
nt-4,0.8617289238186046,0.13723856673459522,0.0010325114589332688,11
pmp22,0.7645432710647583,0.10624939351740371,0.12920732221100478,30
klf4,0.30139503765967673,0.6722736414187238,0.026331328244123143,20
canp,0.8217224853724474,0.004084300085463945,0.17419321232420557,17
mr,0.07351663966214801,0.051112220772211,0.8753711247551109,80
rbd,0.9990641474723816,0.00022745410387869924,0.0007083972450345755,1
ach,0.7559182229387635,0.06489382190150483,0.17918794498708687,17
nadph,0.38542669379967265,0.40196605840537813,0.2126072215178283,8
pvdf,0.001733628962392686,0.4563716319127707,0.5418947380967438,10
bmp,0.5840900776383933,0.304068899956335,0.11184102231640108,42
pakt,0.5097765422142402,0.47508879594533937,0.01513464131494402,8
rust,0.40396367747215617,0.0029268103742077457,0.5931095078213777,19
tlr2,0.5633279134829839,0.3252088102550867,0.11146326052645843,3
sema7a,0.8568370420020074,0.00894240491616074,0.13422052769892617,10
egta,0.0015030143648410948,0.5644241066350203,0.4340729005801092,7
nf-b,0.9997009038925171,0.00015465648903045803,0.00014442195242736489,1
rhd,0.9993582367897034,0.00011956302478211,0.0005221982137300074,1
nds,0.0016498228651471436,0.001103655231418088,0.997246503829956,2
emi1,0.9643557786941528,0.000982641105656512,0.03466161988326348,5
pka,0.7050670185721095,0.293368818208641,0.0015641627880699082,23
tfr,0.25493990109732423,0.1967611523108471,0.5482989457076266,42
pk,0.1257402310220641,0.002061686436718446,0.8721980904883821,8
oxr1,0.8980833490689596,0.0244797141252396,0.07743700877957356,3
ggf2,0.998121440410614,0.0003708268632180989,0.0015076042618602514,1
rock2,0.6836770140960198,0.1496808164781669,0.16664217725372055,64
psd-95,0.7185035745302836,0.2780199060216546,0.003476536483503878,3
ppar-γ,0.25599064864218235,0.03428838262334466,0.7097209393978119,4
gm-csf,0.24913975583331194,0.25143299001501873,0.49942729008034803,4
dpy,0.1204432485246798,0.678235211968422,0.20132154370076022,5
slits,0.4338550507448364,0.2895952361096159,0.2765497184403049,17
odn,0.33380863201455213,0.6587326039831775,0.0074587483298576744,3
inpp5f,0.8647625183400053,0.09033362035141834,0.04490386151276956,78
cs-pg,0.4117859819400889,0.3588414788059059,0.22937253072086605,14
pecam-1,0.011394334180901447,0.6252127547825997,0.3633928796431671,3
fn,0.998814582824707,0.000271673226961866,0.0009137120214290917,1
o-2a,0.11128074057485333,0.0834560749351636,0.805263191690866,33
wga,0.4293587893169994,0.27765496489785924,0.29298622044346606,15
ptk,0.9904869198799133,0.0005392503808252513,0.008973885327577591,1
p5klf4,0.1673093896646275,0.12450389189656232,0.7081867071630602,11
pva,0.001531827754661208,0.49834189252578653,0.5001262608275283,2
tmrd,0.3613258198214074,0.5334367562318221,0.10523742603254505,6
prb1,0.9988038539886475,0.000977195450104773,0.00021900971478316933,1
camkii,0.0002352376759517938,0.9944114089012146,0.005353397689759731,1
hek293,0.3293053736688307,0.129884405680059,0.5408102304063505,8
syt,0.3864415125863161,0.5555915632867254,0.05796694136370206,3
pga,0.1304648412422264,0.4194824151406162,0.4500527639837755,9
ka,0.6618462989189117,0.13636488153861137,0.20178882289154698,41
cont,0.013559057500308634,0.15969414444109795,0.8267468122172762,11
tzds,0.970795750617981,0.025875067338347435,0.0033292651642113924,1
prictor,0.00042462776036700234,0.9484923332929611,0.051083066035062075,4
ci,0.11188199433474272,0.42969209716113366,0.458425902492529,33
ulip,0.012927684932947159,0.0014676253776997328,0.9856047034263611,1
fluc,0.31009689669008367,0.300874093042997,0.38902903798831784,6
ncan,0.8210191822477749,0.022390233844773667,0.1565905671691109,42
myt-1,0.0016790826339274645,0.0011002980172634125,0.9972206354141235,1
pp1,0.612957877095323,0.371431247270084,0.015610854123951867,5
socs,0.1746673661764362,0.6767431678114614,0.14858946576957047,6
cl,0.3124541259027095,0.166633357784378,0.5209125091123263,39
rhnt-3,0.9820463061332703,0.01456446386873722,0.003389243735000491,1
p(cl,0.47084438880483503,0.49228658567153616,0.036869034495566666,16
hh,0.2917133375152704,0.2830555218532913,0.4252311300504236,39
mip-1α,0.7424365256447345,0.24056193938304204,0.017001554952003062,4
phema,0.30083408281077734,0.015381163173717342,0.6837847472116765,9
omgp,0.982700229803128,0.01295113873525971,0.004348628005858184,67
dab,0.33549827387603864,0.36183016339755675,0.30267156905567927,27
lar,0.5975363312823153,0.09497812131098994,0.30748554375617565,340
slpi,0.47225764629547484,0.5259243279215298,0.0018180421575380024,4
bp,0.5397445687194704,0.10409507228016285,0.3561603546544642,27
afgf,0.20109230665871614,0.5969837321188405,0.20192397339592894,9
tnfr,0.999503493309021,0.00030757111380808055,0.00018900539726018906,1
hna,0.1707542583273968,0.06896900539053724,0.7602767342379728,121
hoxa-10,0.0629800409078598,0.5797252655029297,0.3572946786880493,1
gdp,0.9950401335954666,0.0012203157384647056,0.003739574895007536,4
opn,0.10969573759918733,0.8345156907837789,0.05578857119845842,70
tsc1,0.7406745387124829,0.24810696068016114,0.011218491657928098,4
map2,0.4357764554482249,0.28159908856287075,0.28262445899054,24
map kinase,0.4502362473556007,0.5445095746420391,0.005254177102220378,21
rh-b,0.30646581485052593,0.30911022181098813,0.384423962526489,15
pcla,0.2525917303930989,0.48046075857961446,0.2669475110914474,22
il-4,0.2654066283484334,0.5607837698922528,0.17380960497447867,27
trkb,0.7147212173613298,0.12513545229148804,0.16014332131663878,128
hdac6,0.2718032271999012,0.05776329765891811,0.6704335001607736,3
cgmp,0.13180373147658359,0.8592122870927247,0.008983997177543083,13
fak,0.48862266049691244,0.47176570444280513,0.03961163012681936,20
gapdh,0.6232653436960996,0.24323772964241167,0.13349692345279132,24
g- csf,0.00016974470054265112,0.999098539352417,0.0007317961426451802,1
pge2,0.9669509530067444,0.028744637966156006,0.004304372239857912,1
plp-1,0.06963504105806351,0.0003149966069031507,0.9300499558448792,1
sybii,0.03203205119643826,0.9654243886470795,0.0025435201241634786,2
fgf-2,0.13037816392771487,0.579209800523728,0.29041203261615395,227
fgf2,0.15136313394212353,0.530723145998837,0.3179137169170038,105
o4,0.2990046652921592,0.49487807710344595,0.20611728056610445,12
a,0.50803042948246,0.4659222511400003,0.026047298510093242,2
pfn,0.15403158962726593,0.7258123159408569,0.12015604227781296,1
ctb,0.2620258729858896,0.32982745236807076,0.40814667835703794,56
p(tmc,0.520091848233446,0.3893253389961991,0.09058281347002216,65
pgipz,0.22811437126559517,0.43754361459286883,0.3343419764423743,6
stat3,0.3805617854414395,0.462767066458648,0.1566711493790575,138
af-1,0.5208488630774405,0.12095528680785922,0.35819584785753655,9
gfp,0.3350855502501371,0.19852807405117792,0.4663863795859117,392
inos,0.6249011437597801,0.32373389413842235,0.05136497174644319,20
tnfa,0.47018559830677176,0.3974687090441067,0.13234570576524776,9
cs-e,0.5001763466570992,0.48946670229148975,0.010356909146745844,6
igfs,0.030729272635653615,0.43804376137753326,0.5312269628047943,3
tgf-ß,0.01864942628890276,0.6470030860024659,0.3343474902600671,3
plap,0.5528591647744179,0.43925548579136375,0.007885319413617253,2
sod-1,0.9871920347213745,0.0008076639496721327,0.01200027670711279,1
mngf,0.02263465882788296,0.07996771702892147,0.8973975777626038,2
pip2,0.6648321985080007,0.18582177511000605,0.1493460161353661,7
emt,0.6737375110387802,0.01583393558394164,0.310428534867242,2
laminin-1,0.0005112188082421198,0.990357518196106,0.009131256672844756,2
chabc,0.6072600149590716,0.2213661670381354,0.1713738094034098,164
doc,0.000783656904483602,0.15767804880912686,0.8415382901827494,6
am-9,0.0013205042341724038,0.993636965751648,0.005042583215981722,1
mycert,0.3095149099826813,0.6865476965904236,0.003937405068427324,1
sybi,0.02138192483835155,0.6436405202305954,0.33497751500302303,3
ks,0.23571953277860302,0.23702137697610476,0.527259074659121,17
ntf,0.5914870561100543,0.03574649227812188,0.37276644363009837,8
folr1,0.0006933447439223528,0.9960944056510925,0.003212313400581479,1
fatp,0.6472646594047546,0.02400541491806507,0.3287299573421478,1
ntn,0.04607007043101006,0.027601509603711397,0.9263284160087125,124
plgf,0.31712308767600916,0.6748916301876307,0.00798527577353525,4
nf-kβ,0.9989709854125977,0.0002301329222973436,0.0007990010199137032,1
nf-κb,0.6156140019052795,0.2225706442113733,0.16181533985668684,21
phm,0.16645124480601226,0.00023414533886049563,0.8333146129152738,6
soc3,0.0010957422200590372,0.00279905810020864,0.9961051940917969,1
sema,0.7475108515478496,0.06731962396443122,0.18516953800281044,10
sg,0.09464062060466788,0.22218860239221472,0.683170786633407,13
egfp+,0.048028212268945936,0.5485484453701146,0.4034233422490716,36
magr,0.7576540382578969,0.000600532403041143,0.24174541545289685,4
ppars,0.21951306251382144,0.7286089062690735,0.05187801335705444,6
hb-egf,0.3056061650797921,0.46389623708091676,0.2304976048456554,19
irf5,0.6584222921635956,0.20459875112574083,0.136978938622633,10
cpt-camp,0.25023607229377376,0.7494364489393774,0.00032747917794040404,4
aqp,0.3361661761103148,0.07591280279313131,0.58792103096348,35
bzip,0.3465679599238293,0.35952169414044227,0.29391037239526796,7
civ,0.15831640879464845,0.8412293906916272,0.00045419535440900785,11
sicam-i,0.00887260027229786,0.9901732206344604,0.0009541878243908286,1
sema6a,0.9493200778961182,0.0015485547056804144,0.04913136328468681,14
acpase,0.48103542554114637,0.1605146664963589,0.3584498857356569,6
map2a+,0.009162118192762136,0.5789794796146452,0.4118583848539856,4
jak,0.8674021611611048,0.12861990984674776,0.003977935092431532,6
rhamm,0.7099398970603943,0.28893381357192993,0.0011262893676757812,1
plg,0.1508751917524478,0.45745431350223953,0.39167049411844346,16
fgfs,0.13724460761957083,0.8021441901271994,0.06061118918957866,11
dopac,0.950860857963562,0.030036997981369495,0.01910220319405198,2
tcep,0.14934839360025112,0.0003094246712862514,0.8503421741853734,14
iba1,0.42614579001570485,0.21376875166814507,0.36008544978893564,35
ppc,0.08842217856290517,0.0004358008851704653,0.9111420204024762,25
p-stat3 tyr,0.6442416894676474,0.2462396449079582,0.1095186717856753,15
timps,0.11087124550249428,0.8736949861049652,0.015433772234246135,2
hbfgf,0.336657285564191,0.37571884689774987,0.28762387243720394,6
xbp1,0.685709584248453,0.1740777152683285,0.14021270168952218,29
itga7,0.9480199705470692,0.0434131368965609,0.00856687072320545,11
cnp,0.7433141769808052,0.04410107451188933,0.2125847421474256,21
mk,0.0005860629957169294,0.14135574687679764,0.8580582022666932,5
cre,0.6934383419967688,0.16204491108041302,0.14451674807596168,38
mbcd,0.4496063359688516,0.2516915767008675,0.2987020856442431,33
ptsd,0.9863961935043335,0.0007507008849643171,0.012853147462010384,1
oncomodulin,0.05629050345497059,0.8138930625037143,0.1298164496110985,19
hsyn,0.8705841302871704,0.12506498396396637,0.004350895062088966,1
pjnk,0.004483684431761503,0.9947945475578308,0.0007218238897621632,1
psp,0.6419756412506104,0.3499935567378998,0.008030766621232033,1
saha,0.4002037059981376,0.06904419837519526,0.53075210750103,2
tnf-,0.7874282801058143,0.210851620464382,0.0017201172362547369,10
ttx,0.6063008025589892,0.06798720520386911,0.32571201084989726,17
csat,0.0013500697095878422,0.6899548719326655,0.3086950445237259,3
sds,0.290979642010107,0.20598808865179308,0.5030322821862923,19
αtub,0.03344306722283363,0.7260755896568298,0.24048133194446564,1
flg,0.9994640946388245,0.00041456150938756764,0.00012136251461924985,1
ach4,0.5111729335039854,0.4851811435655691,0.0036459256807575002,2
plla,0.6382013999779398,0.3464093207148835,0.01538927424311017,3
rockii,0.8231322765350342,0.0014702781336382031,0.1753973513841629,2
hsp70,0.41266078321496025,0.3349671169503856,0.25237210497625845,67
igf1r,0.6069137750481869,0.2720635484937785,0.1210226835706139,22
dii,0.07139214743837065,0.48811976548677194,0.4404880847862167,62
fbn,0.6867125183343887,0.3119395843241364,0.0013479628541972488,2
tenascin,0.6472397686142358,0.22477842736621823,0.1279818061600963,100
oh,0.05081612270168989,0.07122998738434815,0.8779539028793286,28
hmgb1,0.3946873422925516,0.4006148258461811,0.20469783321368595,24
fmrp,0.9949509104092916,0.0018932851429174964,0.003155798238973754,3
limk1,0.5725091028098876,0.2530830923273103,0.1744078091735271,26
psn,0.7468762080067697,0.14485176309821765,0.10827203497972042,29
il-1b,0.17117615901127767,0.7307897795612613,0.09803406364129236,15
hyal-4,0.389525827942028,0.22288822072921363,0.3875859573459753,27
gale,0.553027978476166,0.08951201573563594,0.35746001315055764,16
l-dopa,0.24910504270519596,0.49915417504962534,0.2517408164712833,4
drgs,0.5043662879241138,0.2513979688542133,0.2442357442877394,105
bmg,0.19240018725395203,0.7894029021263123,0.018196899443864822,1
pe,0.224021665368647,0.024337779512019812,0.7516405487632645,28
erk,0.3640507902322993,0.47616395952707424,0.15978524318338852,33
npy,0.5900764570085032,0.337433526141727,0.07249000237633092,14
tgfa,0.00039448842289857566,0.9985418319702148,0.0010636819060891867,1
page,0.010752045934216895,0.007251248385534781,0.9819967059265589,207
krab,0.9989874362945557,0.0004278014918478827,0.0005847514791336531,3
rgma,0.30135878194647375,0.656898962308187,0.04174224911257625,75
rptp,0.8710066974163055,0.12806669459314435,0.0009265569060517009,4
rtn4,0.81187224984169,0.002110234617430251,0.18601753229741008,5
fgfr,0.1062585085273895,0.7056322436415939,0.1881092496601923,20
sf,0.12120234500136301,0.2500737297192451,0.6287239249015912,53
tace,0.9553229570388794,0.043275820001144896,0.0014012521802214905,5
co,0.11833165940229433,0.08554027545879864,0.7961280574110989,108
pbr,0.7995326301209967,0.18039362629960207,0.020073746008248152,11
sema3a,0.846462320901613,0.03609816928315013,0.11743951209077749,240
igf1,0.5438299868520434,0.24073478558751626,0.21543525975919858,11
nogo66,0.7946749657392502,0.08910595909328549,0.1162190823990386,10
shh,0.4625769325233981,0.20012272786910135,0.3373003365361254,79
atf,0.5955250996630639,0.003808075280782456,0.4006667969127496,3
